[
{
  "model": "api_test.department",
  "pk": 1,
  "fields": {
    "create_time": "2021-11-03T02:28:07.014Z",
    "update_time": "2021-11-03T02:28:07.046Z",
    "delete_time": null,
    "is_delete": false,
    "status": true,
    "description": null,
    "name": "商城",
    "leader": "sc"
  }
},
{
  "model": "api_test.department",
  "pk": 2,
  "fields": {
    "create_time": "2021-11-03T02:28:07.014Z",
    "update_time": "2021-11-03T02:28:07.046Z",
    "delete_time": null,
    "is_delete": false,
    "status": true,
    "description": null,
    "name": "营销",
    "leader": "yx"
  }
},
{
  "model": "api_test.department",
  "pk": 3,
  "fields": {
    "create_time": "2021-11-03T02:28:07.014Z",
    "update_time": "2021-11-03T02:28:07.046Z",
    "delete_time": null,
    "is_delete": false,
    "status": true,
    "description": null,
    "name": "CRM",
    "leader": "crm"
  }
},
{
  "model": "api_test.projectgroup",
  "pk": 1,
  "fields": {
    "create_time": "2021-11-03T02:28:07.108Z",
    "update_time": "2021-11-03T02:28:07.139Z",
    "delete_time": null,
    "is_delete": false,
    "status": true,
    "description": null,
    "name": "产业互联"
  }
},
{
  "model": "api_test.projectgroup",
  "pk": 2,
  "fields": {
    "create_time": "2021-11-03T02:28:07.108Z",
    "update_time": "2021-11-03T02:28:07.139Z",
    "delete_time": null,
    "is_delete": false,
    "status": true,
    "description": null,
    "name": "基础项目"
  }
},
{
  "model": "api_test.projectgroup",
  "pk": 3,
  "fields": {
    "create_time": "2021-11-03T02:28:07.108Z",
    "update_time": "2021-11-03T02:28:07.139Z",
    "delete_time": null,
    "is_delete": false,
    "status": true,
    "description": null,
    "name": "营销系统业务"
  }
},
{
  "model": "api_test.projectgroup",
  "pk": 4,
  "fields": {
    "create_time": "2021-11-03T02:28:07.108Z",
    "update_time": "2021-11-03T02:28:07.139Z",
    "delete_time": null,
    "is_delete": false,
    "status": true,
    "description": null,
    "name": "运营支撑系统"
  }
},
{
  "model": "api_test.projectgroup",
  "pk": 5,
  "fields": {
    "create_time": "2021-11-03T02:28:07.108Z",
    "update_time": "2021-11-03T02:28:07.139Z",
    "delete_time": null,
    "is_delete": false,
    "status": true,
    "description": null,
    "name": "销售线索系统"
  }
},
{
  "model": "api_test.project",
  "pk": 1,
  "fields": {
    "create_time": "2021-10-28T06:29:02.694Z",
    "update_time": "2021-10-28T06:29:02.694Z",
    "delete_time": null,
    "is_delete": false,
    "status": true,
    "description": "",
    "name": "呼叫中心",
    "version": "v2",
    "department": 1,
    "creator": 1,
    "updater": null
  }
},
{
  "model": "api_test.project",
  "pk": 2,
  "fields": {
    "create_time": "2021-11-06T08:59:49.480Z",
    "update_time": "2021-11-06T09:17:40.909Z",
    "delete_time": null,
    "is_delete": false,
    "status": true,
    "description": "客户公海",
    "name": "客户管理",
    "version": "v2",
    "department": 3,
    "creator": 1,
    "updater": 1
  }
},
{
  "model": "api_test.globalenv",
  "pk": 1,
  "fields": {
    "name": "ali",
    "config": {
      "company_id": {
        "value": "W00000000226",
        "description": "公司ID"
      },
      "base_url_mk": {
        "value": "https://mk.dustess.com",
        "description": "服务商后台地址"
      },
      "base_url_qw": {
        "value": "https://qw-scrm.dustess.com",
        "description": "企微端地址"
      },
      "base_url_oss_bill": {
        "value": "https://bill.dustess.com",
        "description": "运营计费地址"
      },
      "base_url_oss_official": {
        "value": "https://bill.dustess.com",
        "description": "运营官方地址"
      },
      "corp_id": {
        "value": "ww0f7acb797142e8d3",
        "description": "corp_id"
      },
      "token": {
        "value": "YVsCASkZYfEvcutBdZUs",
        "description": "token"
      },
      "aes_key": {
        "value": "pnGpwLHNTRcgamKvbiEiVZgfBkFGLkEwteFILFuLPoc",
        "description": "aes_key"
      },
      "external_contact_corp_secret": {
        "value": "dy4nNXVGOznLaPwzEnX9zOble1VVGm4T3lh-W3N-tP8",
        "description": "客户联系corp_secret"
      }
    },
    "data": {},
    "mock": {},
    "mock_dynamic": false,
    "description": "阿里云",
    "status": true,
    "is_default": false
  }
},
{
  "model": "api_test.globalenv",
  "pk": 2,
  "fields": {
    "name": "tx",
    "config": {
      "company_id": {
        "value": "W00000000002",
        "description": "公司ID"
      },
      "base_url_mk": {
        "value": "https://mk-tx.dustess.com",
        "description": "服务商后台地址"
      },
      "base_url_qw": {
        "value": "https://qw-scrm-tx.dustess.com",
        "description": "企微端地址"
      },
      "base_url_oss_bill": {
        "value": "https://bill-tx.dustess.com",
        "description": "运营计费地址"
      },
      "base_url_oss_official": {
        "value": "http://oss-official-tx.dustess.com",
        "description": "运营官方地址"
      },
      "corp_id": {
        "value": "ww0eb576239f394639",
        "description": "corp_id"
      },
      "token": {
        "value": "",
        "description": "token"
      },
      "aes_key": {
        "value": "",
        "description": "aes_key"
      },
      "external_contact_corp_secret": {
        "value": "8XFqwh6O4IXT5m0HEfsv2QX8MyXZo3zassj-Qp96xjo",
        "description": "客户联系corp_secret"
      }
    },
    "data": {},
    "mock": {},
    "mock_dynamic": false,
    "description": "腾讯云",
    "status": true,
    "is_default": false
  }
},
{
  "model": "api_test.globalenv",
  "pk": 3,
  "fields": {
    "name": "qa",
    "config": {
      "company_id": {
        "value": "W00000000514",
        "description": "公司ID"
      },
      "base_url_mk": {
        "value": "https://mk-qa.dustess.com",
        "description": "服务商后台地址"
      },
      "base_url_qw": {
        "value": "https://qw-scrm-qa.dustess.com",
        "description": "企微端地址"
      },
      "base_url_oss_bill": {
        "value": "https://oss-bill-qa.dustess.com",
        "description": "运营计费地址"
      },
      "base_url_oss_official": {
        "value": "http://oss-official-qa.dustess.com",
        "description": "运营官方地址"
      },
      "corp_id": {
        "value": "ww65575ea1258f742b",
        "description": "corp_id"
      },
      "token": {
        "value": "",
        "description": "token"
      },
      "aes_key": {
        "value": "",
        "description": "aes_key"
      },
      "external_contact_corp_secret": {
        "value": "4yftBLLEZaFXbeoDGLu_sKJhJDAmje9Acsfzpcoyin0",
        "description": "客户联系corp_secret"
      }
    },
    "data": {},
    "mock": {},
    "mock_dynamic": false,
    "description": "qa环境",
    "status": false,
    "is_default": false
  }
},
{
  "model": "api_test.globalconst",
  "pk": 1,
  "fields": {
    "name": "user_id",
    "value": "1",
    "description": "用户ID",
    "status": true
  }
},
{
  "model": "api_test.globalheader",
  "pk": 1,
  "fields": {
    "name": "User-Agent",
    "value": "{\"User-Agent\":\"Mozilla/5.0 (Macintosh; Intel Mac OS X 10_14_0) AppleWebKit/537.36 (KHTML, like Gecko) Chrome/88.0.4324.192 Safari/537.36\"}",
    "description": "User-Agent",
    "status": true
  }
},
{
  "model": "api_test.globalresponsevalidate",
  "pk": 1,
  "fields": {
    "name": "仅校验HttpCode==200",
    "description": "仅校验HttpCode==200",
    "check_status_code": true,
    "check_response_data": false,
    "status": true,
    "is_default": false
  }
},
{
  "model": "api_test.globalresponsevalidate",
  "pk": 2,
  "fields": {
    "name": "校验数据响应",
    "description": "全部校验，包括校验数据响应",
    "check_status_code": true,
    "check_response_data": true,
    "status": true,
    "is_default": false
  }
},
{
  "model": "api_test.globallabel",
  "pk": 1,
  "fields": {
    "name": "P0",
    "type": "priority",
    "status": true,
    "description": "最高优先级"
  }
},
{
  "model": "api_test.globallabel",
  "pk": 2,
  "fields": {
    "name": "P1",
    "type": "priority",
    "status": true,
    "description": "高优先级"
  }
},
{
  "model": "api_test.globallabel",
  "pk": 3,
  "fields": {
    "name": "P2",
    "type": "priority",
    "status": true,
    "description": "一般优先级"
  }
},
{
  "model": "api_test.globallabel",
  "pk": 4,
  "fields": {
    "name": "P3",
    "type": "priority",
    "status": true,
    "description": "较低优先级"
  }
},
{
  "model": "api_test.globallabel",
  "pk": 5,
  "fields": {
    "name": "Smoke",
    "type": "testing",
    "status": true,
    "description": "冒烟测试"
  }
},
{
  "model": "api_test.globallabel",
  "pk": 6,
  "fields": {
    "name": "巡检",
    "type": "testing",
    "status": true,
    "description": "线上巡检"
  }
},
{
  "model": "api_test.apigroup",
  "pk": 1,
  "fields": {
    "create_time": "2021-11-03T02:28:06.930Z",
    "update_time": "2021-11-03T02:28:06.967Z",
    "delete_time": null,
    "is_delete": false,
    "status": true,
    "description": "",
    "name": "接口分组A",
    "project": 1
  }
},
{
  "model": "api_test.apigroup",
  "pk": 2,
  "fields": {
    "create_time": "2021-11-06T09:07:21.698Z",
    "update_time": "2021-11-06T09:13:19.824Z",
    "delete_time": null,
    "is_delete": false,
    "status": true,
    "description": "",
    "name": "公海导入联系人",
    "project": 2
  }
},
{
  "model": "api_test.apigroup",
  "pk": 3,
  "fields": {
    "create_time": "2021-11-06T09:14:20.913Z",
    "update_time": "2021-11-06T09:14:20.913Z",
    "delete_time": null,
    "is_delete": false,
    "status": true,
    "description": "",
    "name": "公海管理",
    "project": 2
  }
},
{
  "model": "api_test.apigroup",
  "pk": 4,
  "fields": {
    "create_time": "2021-11-06T10:25:29.867Z",
    "update_time": "2021-11-06T10:25:29.867Z",
    "delete_time": null,
    "is_delete": false,
    "status": true,
    "description": "",
    "name": "联系人",
    "project": 2
  }
},
{
  "model": "api_test.apigroup",
  "pk": 5,
  "fields": {
    "create_time": "2021-11-09T03:09:12.445Z",
    "update_time": "2021-11-09T03:09:12.445Z",
    "delete_time": null,
    "is_delete": false,
    "status": true,
    "description": "全局搜索：联系人、客户群、线索、公海、公海联系人、企业",
    "name": "全局搜索",
    "project": 2
  }
},
{
  "model": "api_test.apiinfo",
  "pk": 2,
  "fields": {
    "create_time": "2021-10-28T09:30:00.338Z",
    "update_time": "2021-11-03T02:34:37.788Z",
    "delete_time": "2021-11-03T02:34:37.788Z",
    "is_delete": false,
    "status": true,
    "description": "用户退出接口",
    "yapi_id": 0,
    "yapi_event": "",
    "project": 1,
    "api_group": 1,
    "name": "退出",
    "http_type": "HTTPS",
    "method": "POST",
    "host_tag": "mk",
    "path": "/api/test/logout",
    "req_header": "",
    "req_params": null,
    "req_json": null,
    "req_data": null,
    "validator": null,
    "update_status": 0,
    "creator": null,
    "updater": null,
    "labels": [
      1,
      5
    ]
  }
},
{
  "model": "api_test.apiinfo",
  "pk": 3,
  "fields": {
    "create_time": "2021-11-03T08:16:03.076Z",
    "update_time": "2021-11-06T02:43:54.587Z",
    "delete_time": null,
    "is_delete": false,
    "status": true,
    "description": "base",
    "yapi_id": 0,
    "yapi_event": "",
    "project": 1,
    "api_group": 1,
    "name": "获取公海列表-1",
    "http_type": "HTTPS",
    "method": "POST",
    "host_tag": "mk",
    "path": "/qw-scrm-svc/action/customerPool/v2/getCustomerPoolList",
    "req_header": "",
    "req_params": "",
    "req_json": "",
    "req_data": "",
    "validator": "",
    "update_status": 2,
    "creator": null,
    "updater": null,
    "labels": [
      1,
      5
    ]
  }
},
{
  "model": "api_test.apiinfo",
  "pk": 4,
  "fields": {
    "create_time": "2021-11-06T02:43:18.839Z",
    "update_time": "2021-11-06T02:43:18.839Z",
    "delete_time": null,
    "is_delete": false,
    "status": true,
    "description": "copy2",
    "yapi_id": 0,
    "yapi_event": "",
    "project": 1,
    "api_group": 1,
    "name": "获取公海列表-2",
    "http_type": "HTTPS",
    "method": "POST",
    "host_tag": "mk",
    "path": "/qw-scrm-svc/action/customerPool/v2/getCustomerPoolList",
    "req_header": "",
    "req_params": "",
    "req_json": "",
    "req_data": "",
    "validator": "",
    "update_status": 2,
    "creator": null,
    "updater": null,
    "labels": [
      1,
      5
    ]
  }
},
{
  "model": "api_test.apiinfo",
  "pk": 5,
  "fields": {
    "create_time": "2021-11-06T02:43:30.136Z",
    "update_time": "2021-11-06T02:43:30.136Z",
    "delete_time": null,
    "is_delete": false,
    "status": true,
    "description": "copy3",
    "yapi_id": 0,
    "yapi_event": "",
    "project": 1,
    "api_group": 1,
    "name": "获取公海列表-3",
    "http_type": "HTTPS",
    "method": "POST",
    "host_tag": "mk",
    "path": "/qw-scrm-svc/action/customerPool/v2/getCustomerPoolList",
    "req_header": "",
    "req_params": "",
    "req_json": "",
    "req_data": "",
    "validator": "",
    "update_status": 2,
    "creator": null,
    "updater": null,
    "labels": [
      1,
      5
    ]
  }
},
{
  "model": "api_test.apiinfo",
  "pk": 6,
  "fields": {
    "create_time": "2021-11-06T02:43:39.873Z",
    "update_time": "2021-11-06T02:43:39.873Z",
    "delete_time": null,
    "is_delete": false,
    "status": true,
    "description": "copy4",
    "yapi_id": 0,
    "yapi_event": "",
    "project": 1,
    "api_group": 1,
    "name": "获取公海列表-4",
    "http_type": "HTTPS",
    "method": "POST",
    "host_tag": "mk",
    "path": "/qw-scrm-svc/action/customerPool/v2/getCustomerPoolList",
    "req_header": "",
    "req_params": "",
    "req_json": "",
    "req_data": "",
    "validator": "",
    "update_status": 2,
    "creator": null,
    "updater": null,
    "labels": [
      1,
      5
    ]
  }
},
{
  "model": "api_test.apiinfo",
  "pk": 7,
  "fields": {
    "create_time": "2021-11-06T09:09:47.320Z",
    "update_time": "2021-11-08T08:48:11.661Z",
    "delete_time": null,
    "is_delete": false,
    "status": true,
    "description": "",
    "yapi_id": 0,
    "yapi_event": "",
    "project": 2,
    "api_group": 2,
    "name": "导入联系人",
    "http_type": "HTTPS",
    "method": "POST",
    "host_tag": "mk",
    "path": "/action/customer/queryImportCentre",
    "req_header": "",
    "req_params": "",
    "req_json": "{\"page\":1,\"pageSize\":10}",
    "req_data": "",
    "validator": "{\"eq\":{\"success\": true}}",
    "update_status": 2,
    "creator": null,
    "updater": null,
    "labels": []
  }
},
{
  "model": "api_test.apiinfo",
  "pk": 8,
  "fields": {
    "create_time": "2021-11-06T09:10:37.202Z",
    "update_time": "2021-11-08T08:48:08.218Z",
    "delete_time": null,
    "is_delete": false,
    "status": true,
    "description": "",
    "yapi_id": 0,
    "yapi_event": "",
    "project": 2,
    "api_group": 2,
    "name": "查看导入任务",
    "http_type": "HTTPS",
    "method": "POST",
    "host_tag": "mk",
    "path": "/qw-scrm-svc/action/customer/queryImportCentre",
    "req_header": "",
    "req_params": "",
    "req_json": "{\n  \"page\": 1,\n  \"pageSize\": 10\n}",
    "req_data": "",
    "validator": "{\"eq\":{\"success\": true}}",
    "update_status": 2,
    "creator": null,
    "updater": null,
    "labels": []
  }
},
{
  "model": "api_test.apiinfo",
  "pk": 9,
  "fields": {
    "create_time": "2021-11-06T09:15:48.089Z",
    "update_time": "2021-11-08T09:18:17.500Z",
    "delete_time": null,
    "is_delete": false,
    "status": true,
    "description": "",
    "yapi_id": 0,
    "yapi_event": "",
    "project": 2,
    "api_group": 3,
    "name": "获取公海列表",
    "http_type": "HTTPS",
    "method": "POST",
    "host_tag": "mk",
    "path": "/qw-scrm-svc/action/customerPool/v2/getCustomerPoolList",
    "req_header": "",
    "req_params": "",
    "req_json": "",
    "req_data": "",
    "validator": "{\"eq\":{\"success\":true}}",
    "update_status": 2,
    "creator": null,
    "updater": null,
    "labels": []
  }
},
{
  "model": "api_test.apiinfo",
  "pk": 10,
  "fields": {
    "create_time": "2021-11-06T10:28:59.049Z",
    "update_time": "2021-11-08T06:49:27.043Z",
    "delete_time": null,
    "is_delete": false,
    "status": true,
    "description": "",
    "yapi_id": 0,
    "yapi_event": "",
    "project": 2,
    "api_group": 4,
    "name": "获取联系人类型列表",
    "http_type": "HTTPS",
    "method": "GET",
    "host_tag": "mk",
    "path": "/qw-scrm-svc/action/customerCategory/list_detail",
    "req_header": "",
    "req_params": "",
    "req_json": "{\"page\":1,\"pageSize\":10}",
    "req_data": "",
    "validator": "{\"eq\":{\"success\":true,\"code\":\"\",\"msg\":\"\",\"data\":{}}}",
    "update_status": 2,
    "creator": null,
    "updater": null,
    "labels": []
  }
},
{
  "model": "api_test.apiinfo",
  "pk": 11,
  "fields": {
    "create_time": "2021-11-06T10:33:12.293Z",
    "update_time": "2021-11-08T09:18:26.269Z",
    "delete_time": null,
    "is_delete": false,
    "status": true,
    "description": "",
    "yapi_id": 0,
    "yapi_event": "",
    "project": 2,
    "api_group": 3,
    "name": "新增公海联系人",
    "http_type": "HTTPS",
    "method": "POST",
    "host_tag": "mk",
    "path": "/qw-scrm-svc/action/customer/addCusByCorpId",
    "req_header": "",
    "req_params": "",
    "req_json": "{\"categoryId\":\"$customer_category_id\",\"mobiles\":[],\"pool\":\"$customer_pool_id\",\"remark\":\"公海新增联系人$phone_number\",\"tags\":[],\"province\":null,\"city\":null,\"district\":null,\"custom_fields\":[{\"id\":\"field121\",\"string_value\":\"\"},{\"id\":\"field11\",\"string_value\":\"\"},{\"id\":\"field91\",\"float_value\":null},{\"id\":\"field101\",\"string_value\":\"\"},{\"id\":\"field472\",\"array_value\":[]},{\"id\":\"field341\",\"string_value\":\"\"},{\"id\":\"field81\",\"array_value\":[]},{\"id\":\"field01\",\"string_value\":\"\"},{\"id\":\"field281\",\"string_value\":\"\"},{\"id\":\"field576\",\"string_value\":\"\"},{\"id\":\"field577\",\"array_value\":[]},{\"id\":\"field579\",\"string_value\":\"\"},{\"id\":\"field580\",\"string_value\":\"\"},{\"id\":\"field581\",\"string_value\":\"\"},{\"id\":\"field582\",\"string_value\":\"\"},{\"id\":\"field583\",\"string_value\":\"\"},{\"id\":\"field584\",\"string_value\":\"\"},{\"id\":\"field585\",\"string_value\":\"\"},{\"id\":\"field586\",\"string_value\":\"\"},{\"id\":\"field587\",\"array_value\":[]},{\"id\":\"field588\",\"string_value\":\"\"},{\"id\":\"field589\",\"string_value\":\"\"},{\"id\":\"field590\",\"array_value\":[]},{\"id\":\"field591\",\"string_value\":\"\"}],\"diyValue\":{\"field121\":\"\",\"field11\":\"\",\"field101\":\"\",\"field472\":[],\"field341\":\"\",\"field81\":[],\"field01\":\"\",\"field281\":\"\",\"field576\":\"\",\"field577\":[],\"field579\":\"\",\"field580\":\"\",\"field581\":\"\",\"field582\":\"\",\"field583\":\"\",\"field584\":\"\",\"field585\":\"\",\"field586\":\"\",\"field587\":[],\"field588\":\"\",\"field589\":\"\",\"field590\":[],\"field591\":\"\"}}",
    "req_data": "",
    "validator": "{\"eq\":{\"success\":true}}",
    "update_status": 2,
    "creator": null,
    "updater": null,
    "labels": []
  }
},
{
  "model": "api_test.apiinfo",
  "pk": 12,
  "fields": {
    "create_time": "2021-11-06T10:37:14.148Z",
    "update_time": "2021-11-08T09:18:37.639Z",
    "delete_time": null,
    "is_delete": false,
    "status": true,
    "description": "",
    "yapi_id": 0,
    "yapi_event": "",
    "project": 2,
    "api_group": 3,
    "name": "获取公海联系人列表",
    "http_type": "HTTPS",
    "method": "POST",
    "host_tag": "mk",
    "path": "/qw-scrm-svc/action/customerPool/cusList",
    "req_header": "",
    "req_params": "",
    "req_json": "{\n  \"page\": 1,\n  \"name\": \"\",\n  \"companyId\": \"\",\n  \"owner\": \"NA\",\n  \"page_size\": 20,\n  \"name_or_phone\": \"\",\n  \"pool_id\": \"$customer_pool_id\",\n  \"corp_ids\": []\n}",
    "req_data": "",
    "validator": "{\"eq\":{\"success\":true}}",
    "update_status": 2,
    "creator": null,
    "updater": null,
    "labels": []
  }
},
{
  "model": "api_test.apiinfo",
  "pk": 13,
  "fields": {
    "create_time": "2021-11-06T10:37:49.155Z",
    "update_time": "2021-11-08T09:18:51.213Z",
    "delete_time": null,
    "is_delete": false,
    "status": true,
    "description": "",
    "yapi_id": 0,
    "yapi_event": "",
    "project": 2,
    "api_group": 3,
    "name": "批量领取公海联系人",
    "http_type": "HTTPS",
    "method": "POST",
    "host_tag": "mk",
    "path": "/qw-scrm-svc/action/customerPool/doGetCustomer",
    "req_header": "",
    "req_params": "",
    "req_json": "{\n  \"ids\": [\"$customer_id\"],\n  \"pool_id\": \"$customer_pool_id\"\n}",
    "req_data": "",
    "validator": "{\"eq\":{\"success\": true,\"msg\": \"共成功领取1条数据\"}}",
    "update_status": 2,
    "creator": null,
    "updater": null,
    "labels": []
  }
},
{
  "model": "api_test.apiinfo",
  "pk": 14,
  "fields": {
    "create_time": "2021-11-09T03:17:14.561Z",
    "update_time": "2021-11-09T03:23:48.787Z",
    "delete_time": null,
    "is_delete": false,
    "status": true,
    "description": "",
    "yapi_id": 0,
    "yapi_event": "",
    "project": 2,
    "api_group": 5,
    "name": "全局搜索-联系人",
    "http_type": "HTTPS",
    "method": "POST",
    "host_tag": "mk",
    "path": "/qw-scrm-svc/action/global_search/customer",
    "req_header": "",
    "req_params": "",
    "req_json": "{\n  \"keywords\": \"$global_search_keywords\",\n  \"page\": 1,\n  \"pageSize\": 3\n}",
    "req_data": "",
    "validator": "{\n  \"eq\": {\n    \"body.success\": true\n  },\n  \"contains_if_exist\": {\n    \"body.data.list[0].name\": \"$global_search_keywords\"\n  }\n}",
    "update_status": 2,
    "creator": null,
    "updater": null,
    "labels": [
      1
    ]
  }
},
{
  "model": "api_test.apiinfo",
  "pk": 15,
  "fields": {
    "create_time": "2021-11-09T05:53:34.063Z",
    "update_time": "2021-11-09T05:53:34.063Z",
    "delete_time": null,
    "is_delete": false,
    "status": true,
    "description": "",
    "yapi_id": 0,
    "yapi_event": "",
    "project": 2,
    "api_group": 5,
    "name": "全局搜索-客户群",
    "http_type": "HTTPS",
    "method": "GET",
    "host_tag": "mk",
    "path": "/chatroom/v1/list",
    "req_header": "",
    "req_params": "",
    "req_json": "{\n  \"keywords\": \"$global_search_keywords\",\n  \"page\": 1,\n  \"pageSize\": 3\n}",
    "req_data": "",
    "validator": "{\n  \"eq\": {\n    \"body.success\": true\n  },\n  \"contains_if_exist\": {\n    \"body.data.list[0].name\": \"$global_search_keywords\"\n  }\n}",
    "update_status": 2,
    "creator": null,
    "updater": null,
    "labels": [
      1
    ]
  }
},
{
  "model": "api_test.apiinfo",
  "pk": 16,
  "fields": {
    "create_time": "2021-11-09T06:04:29.118Z",
    "update_time": "2021-11-09T06:04:29.118Z",
    "delete_time": null,
    "is_delete": false,
    "status": true,
    "description": "",
    "yapi_id": 0,
    "yapi_event": "",
    "project": 2,
    "api_group": 5,
    "name": "全局搜索-企业",
    "http_type": "HTTPS",
    "method": "POST",
    "host_tag": "mk",
    "path": "/qw-scrm-svc/action/global_search/customerCompany",
    "req_header": "",
    "req_params": "",
    "req_json": "{\n  \"keywords\": \"$global_search_keywords\",\n  \"page\": 1,\n  \"pageSize\": 3\n}",
    "req_data": "",
    "validator": "{\n  \"eq\": {\n    \"body.success\": true\n  },\n  \"contains_if_exist\": {\n    \"body.data.list[0].name\": \"$global_search_keywords\"\n  }\n}",
    "update_status": 0,
    "creator": null,
    "updater": null,
    "labels": [
      1
    ]
  }
},
{
  "model": "api_test.apiinfo",
  "pk": 17,
  "fields": {
    "create_time": "2021-11-09T06:05:28.774Z",
    "update_time": "2021-11-09T06:05:28.774Z",
    "delete_time": null,
    "is_delete": false,
    "status": true,
    "description": "",
    "yapi_id": 0,
    "yapi_event": "",
    "project": 2,
    "api_group": 5,
    "name": "全局搜索-销售机会",
    "http_type": "HTTPS",
    "method": "POST",
    "host_tag": "mk",
    "path": "/qw-scrm-svc/action/global_search/saleChance",
    "req_header": "",
    "req_params": "",
    "req_json": "{\n  \"keywords\": \"$global_search_keywords\",\n  \"page\": 1,\n  \"pageSize\": 3\n}",
    "req_data": "",
    "validator": "{\n  \"eq\": {\n    \"body.success\": true\n  },\n  \"contains_if_exist\": {\n    \"body.data.list[0].name\": \"$global_search_keywords\"\n  }\n}",
    "update_status": 0,
    "creator": null,
    "updater": null,
    "labels": [
      1
    ]
  }
},
{
  "model": "api_test.apiinfo",
  "pk": 18,
  "fields": {
    "create_time": "2021-11-09T06:06:23.725Z",
    "update_time": "2021-11-09T06:17:49.739Z",
    "delete_time": null,
    "is_delete": false,
    "status": true,
    "description": "",
    "yapi_id": 0,
    "yapi_event": "",
    "project": 2,
    "api_group": 5,
    "name": "全局搜索-微信线索",
    "http_type": "HTTPS",
    "method": "POST",
    "host_tag": "mk",
    "path": "/biz/v1/clue/qw_list",
    "req_header": "",
    "req_params": "",
    "req_json": "{\n  \"keywords\": \"$global_search_keywords\",\n  \"page\": 1,\n  \"pageSize\": 3\n}",
    "req_data": "",
    "validator": "{\n  \"eq\": {\n    \"body.success\": true\n  },\n  \"contains_if_exist\": {\n    \"body.data.list[0].nickName\": \"$global_search_keywords\"\n  }\n}",
    "update_status": 2,
    "creator": null,
    "updater": null,
    "labels": [
      1,
      5
    ]
  }
},
{
  "model": "api_test.apiinfo",
  "pk": 19,
  "fields": {
    "create_time": "2021-11-09T06:07:02.235Z",
    "update_time": "2021-11-09T06:17:08.057Z",
    "delete_time": null,
    "is_delete": false,
    "status": true,
    "description": "",
    "yapi_id": 0,
    "yapi_event": "",
    "project": 2,
    "api_group": 5,
    "name": "全局搜索-联系人公海",
    "http_type": "HTTPS",
    "method": "POST",
    "host_tag": "mk",
    "path": "/qw-scrm-svc/action/global_search/customerPool",
    "req_header": "",
    "req_params": "",
    "req_json": "{\n  \"keywords\": \"$global_search_keywords\",\n  \"page\": 1,\n  \"pageSize\": 3\n}",
    "req_data": "",
    "validator": "{\n  \"eq\": {\n    \"body.success\": true\n  },\n  \"contains_if_exist\": {\n    \"body.data.list[0].remark\": \"$global_search_keywords\"\n  }\n}",
    "update_status": 2,
    "creator": null,
    "updater": null,
    "labels": [
      1,
      5
    ]
  }
},
{
  "model": "api_test.apiinfo",
  "pk": 20,
  "fields": {
    "create_time": "2021-11-09T06:08:26.737Z",
    "update_time": "2021-11-09T06:16:56.032Z",
    "delete_time": null,
    "is_delete": false,
    "status": true,
    "description": "",
    "yapi_id": 0,
    "yapi_event": "",
    "project": 2,
    "api_group": 5,
    "name": "全局搜索-客户回收站",
    "http_type": "HTTPS",
    "method": "POST",
    "host_tag": "mk",
    "path": "/qw-scrm-svc/action/global_search/customerDustbin",
    "req_header": "",
    "req_params": "",
    "req_json": "{\n  \"keywords\": \"$global_search_keywords\",\n  \"page\": 1,\n  \"pageSize\": 3\n}",
    "req_data": "",
    "validator": "{\n  \"eq\": {\n    \"body.success\": true\n  },\n  \"contains_if_exist\": {\n    \"body.data.list[0].remark\": \"$global_search_keywords\"\n  }\n}",
    "update_status": 2,
    "creator": null,
    "updater": null,
    "labels": [
      1,
      5
    ]
  }
},
{
  "model": "api_test.apiinfo",
  "pk": 21,
  "fields": {
    "create_time": "2021-11-09T06:12:30.904Z",
    "update_time": "2021-11-09T06:26:35.604Z",
    "delete_time": null,
    "is_delete": false,
    "status": true,
    "description": "",
    "yapi_id": 0,
    "yapi_event": "",
    "project": 2,
    "api_group": 5,
    "name": "全局搜索-企微会话",
    "http_type": "HTTPS",
    "method": "POST",
    "host_tag": "mk",
    "path": "/biz/v1/qw/chatdata/msg/customer/global",
    "req_header": "",
    "req_params": "",
    "req_json": "{\n  \"keywords\": \"$global_search_keywords\",\n  \"page\": 1,\n  \"pageSize\": 3\n}",
    "req_data": "",
    "validator": "{\n  \"eq\": {\n    \"body.success\": true\n  },\n  \"contains_if_exist\": {\n    \"body.data.list[0].text.content\": \"$global_search_keywords\"\n  }\n}",
    "update_status": 2,
    "creator": null,
    "updater": null,
    "labels": [
      1,
      5
    ]
  }
},
{
  "model": "api_test.apiinfo",
  "pk": 22,
  "fields": {
    "create_time": "2021-11-09T06:13:14.182Z",
    "update_time": "2021-11-09T06:16:28.363Z",
    "delete_time": null,
    "is_delete": false,
    "status": true,
    "description": "",
    "yapi_id": 0,
    "yapi_event": "",
    "project": 2,
    "api_group": 5,
    "name": "全局搜索-企微群会话",
    "http_type": "HTTPS",
    "method": "POST",
    "host_tag": "mk",
    "path": "/biz/v1/qw/chatdata/msg/room/global",
    "req_header": "",
    "req_params": "",
    "req_json": "{\n  \"keywords\": \"$global_search_keywords\",\n  \"page\": 1,\n  \"pageSize\": 3\n}",
    "req_data": "",
    "validator": "{\n  \"eq\": {\n    \"body.success\": true\n  },\n  \"contains_if_exist\": {\n    \"body.data.list[0].text.content\": \"$global_search_keywords\"\n  }\n}",
    "update_status": 2,
    "creator": null,
    "updater": null,
    "labels": [
      1,
      5
    ]
  }
},
{
  "model": "api_test.apiinfo",
  "pk": 23,
  "fields": {
    "create_time": "2021-11-09T06:14:00.898Z",
    "update_time": "2021-11-09T06:15:54.479Z",
    "delete_time": null,
    "is_delete": false,
    "status": true,
    "description": "",
    "yapi_id": 0,
    "yapi_event": "",
    "project": 2,
    "api_group": 5,
    "name": "全局搜索-添加最近搜索",
    "http_type": "HTTPS",
    "method": "POST",
    "host_tag": "mk",
    "path": "/qw-scrm-svc/action/global_search/addRecentWord",
    "req_header": "",
    "req_params": "",
    "req_json": "{\n  \"keywords\": \"$global_search_keywords\",\n  \"search_type\": \"global_search\"\n}",
    "req_data": "",
    "validator": "{\n  \"eq\": {\n    \"body.success\": true\n  }\n}",
    "update_status": 2,
    "creator": null,
    "updater": null,
    "labels": [
      1,
      5
    ]
  }
},
{
  "model": "api_test.apiinfo",
  "pk": 24,
  "fields": {
    "create_time": "2021-11-09T06:15:23.626Z",
    "update_time": "2021-11-09T06:24:13.164Z",
    "delete_time": null,
    "is_delete": false,
    "status": true,
    "description": "",
    "yapi_id": 0,
    "yapi_event": "",
    "project": 2,
    "api_group": 5,
    "name": "全局搜索-最近搜索",
    "http_type": "HTTPS",
    "method": "POST",
    "host_tag": "mk",
    "path": "/qw-scrm-svc/action/global_search/recentSearch",
    "req_header": "",
    "req_params": "",
    "req_json": "{\n  \"search_type\": \"global_search\"\n}",
    "req_data": "",
    "validator": "{\n  \"eq\": {\n    \"body.success\": true\n  },\n  \"contains\": {\n    \"body.data.list\": \"$global_search_keywords\"\n  }\n}",
    "update_status": 2,
    "creator": null,
    "updater": null,
    "labels": []
  }
},
{
  "model": "api_test.apiupdatehistory",
  "pk": 1,
  "fields": {
    "api": 2,
    "event": null,
    "content": "{\"var2\":{\"type\":{\"old\":\"int\",\"new\":\"str\"}}}",
    "updater": "徐涛",
    "update_time": "2021-11-05T02:27:38.075Z",
    "update_status": 1
  }
},
{
  "model": "api_test.apiupdatehistory",
  "pk": 2,
  "fields": {
    "api": 2,
    "event": null,
    "content": "{\"var1\":{\"type\":{\"old\":\"int\",\"new\":\"str\"}}}",
    "updater": null,
    "update_time": "2021-11-05T02:28:12.767Z",
    "update_status": 0
  }
},
{
  "model": "api_test.testsuite",
  "pk": 1,
  "fields": {
    "create_time": "2021-10-28T07:08:13.858Z",
    "update_time": "2021-11-01T09:16:51.978Z",
    "delete_time": null,
    "is_delete": false,
    "status": true,
    "description": "",
    "name": "公海测试",
    "safe_name": "CustomerPool",
    "department": 1,
    "header": "{}",
    "creator": null,
    "updater": null,
    "labels": [
      1
    ]
  }
},
{
  "model": "api_test.testsuite",
  "pk": 2,
  "fields": {
    "create_time": "2021-10-30T10:45:07.272Z",
    "update_time": "2021-11-09T03:06:02.600Z",
    "delete_time": null,
    "is_delete": false,
    "status": true,
    "description": "顶部栏-销售汇报",
    "name": "顶部栏-销售汇报",
    "safe_name": "top_sales_report",
    "department": 2,
    "header": "{}",
    "creator": null,
    "updater": null,
    "labels": [
      1
    ]
  }
},
{
  "model": "api_test.testsuite",
  "pk": 3,
  "fields": {
    "create_time": "2021-11-06T08:44:15.133Z",
    "update_time": "2021-11-06T08:47:53.695Z",
    "delete_time": null,
    "is_delete": false,
    "status": true,
    "description": "公海管理（可领取、手动分配）、公海导入",
    "name": "客户公海",
    "safe_name": "customer_pool",
    "department": 3,
    "header": "{}",
    "creator": null,
    "updater": null,
    "labels": [
      1,
      6
    ]
  }
},
{
  "model": "api_test.testsuite",
  "pk": 4,
  "fields": {
    "create_time": "2021-11-09T03:04:30.928Z",
    "update_time": "2021-11-09T03:07:34.710Z",
    "delete_time": null,
    "is_delete": false,
    "status": true,
    "description": "顶部栏-全局搜索",
    "name": "顶部栏-全局搜索",
    "safe_name": "top_global_search",
    "department": 2,
    "header": "{}",
    "creator": null,
    "updater": null,
    "labels": [
      2
    ]
  }
},
{
  "model": "api_test.testcase",
  "pk": 1,
  "fields": {
    "create_time": "2021-10-28T07:24:41.620Z",
    "update_time": "2021-11-06T08:11:12.895Z",
    "delete_time": null,
    "is_delete": false,
    "status": true,
    "description": "正常值",
    "name": "获取公海列表-正常值",
    "safe_name": "GetCustomerPoolListA",
    "test_suite": 1,
    "type": "ping",
    "variables": "{\"foo\":123}",
    "depends": null,
    "severity": "normal",
    "result": "null",
    "creator": null,
    "updater": null,
    "labels": [
      1
    ]
  }
},
{
  "model": "api_test.testcase",
  "pk": 2,
  "fields": {
    "create_time": "2021-10-28T09:26:57.393Z",
    "update_time": "2021-11-03T08:29:08.265Z",
    "delete_time": null,
    "is_delete": false,
    "status": true,
    "description": "异常值",
    "name": "获取公海列表-异常值",
    "safe_name": "GetCustomerPoolListB",
    "test_suite": 1,
    "type": "ping",
    "variables": null,
    "depends": null,
    "severity": "normal",
    "result": "null",
    "creator": null,
    "updater": null,
    "labels": [
      3
    ]
  }
},
{
  "model": "api_test.testcase",
  "pk": 3,
  "fields": {
    "create_time": "2021-11-06T03:34:36.342Z",
    "update_time": "2021-11-06T03:34:36.342Z",
    "delete_time": null,
    "is_delete": false,
    "status": true,
    "description": "copy",
    "name": "获取公海列表-异常值-copy",
    "safe_name": "GetCustomerPoolListC",
    "test_suite": 1,
    "type": "ping",
    "variables": null,
    "depends": null,
    "severity": "normal",
    "result": "",
    "creator": null,
    "updater": null,
    "labels": [
      3
    ]
  }
},
{
  "model": "api_test.testcase",
  "pk": 4,
  "fields": {
    "create_time": "2021-11-06T08:50:58.072Z",
    "update_time": "2021-11-08T02:24:22.746Z",
    "delete_time": null,
    "is_delete": false,
    "status": true,
    "description": "测试手动分配类型公海管理",
    "name": "公海管理-手动分配",
    "safe_name": "CustomerPoolManageAssign",
    "test_suite": 3,
    "type": "data_check",
    "variables": null,
    "depends": null,
    "severity": "normal",
    "result": "null",
    "creator": null,
    "updater": null,
    "labels": [
      1,
      6
    ]
  }
},
{
  "model": "api_test.testcase",
  "pk": 5,
  "fields": {
    "create_time": "2021-11-06T08:51:40.140Z",
    "update_time": "2021-11-06T08:51:40.140Z",
    "delete_time": null,
    "is_delete": false,
    "status": true,
    "description": "测试可领取类型公海管理",
    "name": "公海管理-可领取",
    "safe_name": "CustomerPoolManageGet",
    "test_suite": 3,
    "type": "data_check",
    "variables": null,
    "depends": null,
    "severity": "normal",
    "result": "",
    "creator": null,
    "updater": null,
    "labels": [
      1,
      6
    ]
  }
},
{
  "model": "api_test.testcase",
  "pk": 6,
  "fields": {
    "create_time": "2021-11-06T08:52:10.039Z",
    "update_time": "2021-11-08T08:55:58.156Z",
    "delete_time": null,
    "is_delete": false,
    "status": true,
    "description": "导入联系人",
    "name": "公海管理-导入联系人",
    "safe_name": "CustomerPoolImportCus",
    "test_suite": 3,
    "type": "data_check",
    "variables": null,
    "depends": null,
    "severity": "normal",
    "result": "",
    "creator": null,
    "updater": null,
    "labels": [
      1,
      6
    ]
  }
},
{
  "model": "api_test.testcase",
  "pk": 7,
  "fields": {
    "create_time": "2021-11-09T03:19:51.050Z",
    "update_time": "2021-11-09T03:21:44.123Z",
    "delete_time": null,
    "is_delete": false,
    "status": true,
    "description": "",
    "name": "全局搜索-正常值",
    "safe_name": "golbal_search_smoke",
    "test_suite": 4,
    "type": "data_check",
    "variables": "{\"global_search_keywords\": \"北京\"}",
    "depends": null,
    "severity": "normal",
    "result": "null",
    "creator": null,
    "updater": null,
    "labels": [
      1,
      5
    ]
  }
},
{
  "model": "api_test.teststep",
  "pk": 1,
  "fields": {
    "create_time": "2021-11-03T02:34:04.938Z",
    "update_time": "2021-11-05T11:21:11.933Z",
    "delete_time": null,
    "is_delete": false,
    "status": true,
    "description": "获取公海列表1",
    "sid": 2,
    "name": "getCustomerPoolList1",
    "test_case": 1,
    "apiInfo": 3,
    "depends": null,
    "req_header": "",
    "req_params": "",
    "req_json": "",
    "req_data": "",
    "validator": "{\n  \"eq\": {\n    \"body.success\": true,\n    \"body.msg\": \"\",\n    \"body.data[0].account\": \"W00000000226\"\n  }\n}",
    "extractor": "",
    "result": "null",
    "creator": null,
    "updater": null,
    "labels": [
      1,
      5
    ]
  }
},
{
  "model": "api_test.teststep",
  "pk": 2,
  "fields": {
    "create_time": "2021-11-03T08:28:04.947Z",
    "update_time": "2021-11-08T02:43:30.772Z",
    "delete_time": null,
    "is_delete": false,
    "status": true,
    "description": "获取公海列表2",
    "sid": 1,
    "name": "getCustomerPoolList2",
    "test_case": 1,
    "apiInfo": 3,
    "depends": null,
    "req_header": "",
    "req_params": "",
    "req_json": "",
    "req_data": "",
    "validator": "",
    "extractor": "",
    "result": "null",
    "creator": null,
    "updater": null,
    "labels": [
      1,
      5
    ]
  }
},
{
  "model": "api_test.teststep",
  "pk": 3,
  "fields": {
    "create_time": "2021-11-04T03:23:39.091Z",
    "update_time": "2021-11-05T11:21:31.030Z",
    "delete_time": null,
    "is_delete": false,
    "status": true,
    "description": "获取公海列表-异常值测试",
    "sid": 1,
    "name": "getCustomerPoolListErr",
    "test_case": 2,
    "apiInfo": 3,
    "depends": null,
    "req_header": "",
    "req_params": "",
    "req_json": "{\"a\":1}",
    "req_data": "",
    "validator": "{\n  \"eq\": {\n    \"body.success\": true,\n    \"body.msg\": \"\",\n    \"body.data[0].account\": \"W00000000226\"\n  }\n}",
    "extractor": "",
    "result": "",
    "creator": null,
    "updater": null,
    "labels": [
      1,
      5
    ]
  }
},
{
  "model": "api_test.teststep",
  "pk": 4,
  "fields": {
    "create_time": "2021-11-04T09:13:30.059Z",
    "update_time": "2021-11-05T11:21:11.942Z",
    "delete_time": null,
    "is_delete": false,
    "status": true,
    "description": "获取公海列表3",
    "sid": 3,
    "name": "getCustomerPoolList3",
    "test_case": 1,
    "apiInfo": 3,
    "depends": null,
    "req_header": "",
    "req_params": "",
    "req_json": "",
    "req_data": "",
    "validator": "",
    "extractor": "",
    "result": "",
    "creator": null,
    "updater": null,
    "labels": [
      1,
      5
    ]
  }
},
{
  "model": "api_test.teststep",
  "pk": 5,
  "fields": {
    "create_time": "2021-11-08T06:25:28.938Z",
    "update_time": "2021-11-08T08:47:58.619Z",
    "delete_time": null,
    "is_delete": false,
    "status": false,
    "description": "",
    "sid": 1,
    "name": "导入联系人",
    "test_case": 6,
    "apiInfo": 7,
    "depends": null,
    "req_header": "",
    "req_params": "",
    "req_json": "{\"page\":1,\"pageSize\":10}",
    "req_data": "",
    "validator": "{\"eq\":{\"success\": true}}",
    "extractor": "",
    "result": "null",
    "creator": null,
    "updater": null,
    "labels": []
  }
},
{
  "model": "api_test.teststep",
  "pk": 6,
  "fields": {
    "create_time": "2021-11-08T06:53:21.761Z",
    "update_time": "2021-11-08T08:47:50.256Z",
    "delete_time": null,
    "is_delete": false,
    "status": true,
    "description": "",
    "sid": 2,
    "name": "查看导入任务",
    "test_case": 6,
    "apiInfo": 8,
    "depends": null,
    "req_header": "",
    "req_params": "",
    "req_json": "{\n  \"page\": 1,\n  \"pageSize\": 10\n}",
    "req_data": "",
    "validator": "{\"eq\":{\"success\": true}}",
    "extractor": null,
    "result": "null",
    "creator": null,
    "updater": null,
    "labels": []
  }
},
{
  "model": "api_test.teststep",
  "pk": 7,
  "fields": {
    "create_time": "2021-11-08T08:57:06.831Z",
    "update_time": "2021-11-08T10:56:08.936Z",
    "delete_time": null,
    "is_delete": false,
    "status": true,
    "description": "",
    "sid": 1,
    "name": "获取公海列表",
    "test_case": 5,
    "apiInfo": 9,
    "depends": null,
    "req_header": "",
    "req_params": "",
    "req_json": "",
    "req_data": "",
    "validator": "{\"eq\":{\"success\":true}}",
    "extractor": "{\"customer_pool_id\": \"body.data[?contains(@.admins,\\\"$login_uid\\\") == `true` && @.policy==\\\"get\\\"]._id\"}",
    "result": "null",
    "creator": null,
    "updater": null,
    "labels": []
  }
},
{
  "model": "api_test.teststep",
  "pk": 8,
  "fields": {
    "create_time": "2021-11-08T09:20:23.872Z",
    "update_time": "2021-11-08T09:28:34.940Z",
    "delete_time": null,
    "is_delete": false,
    "status": true,
    "description": "",
    "sid": 2,
    "name": "获取联系人类型列表",
    "test_case": 5,
    "apiInfo": 10,
    "depends": null,
    "req_header": "",
    "req_params": "",
    "req_json": "{\"page\":1,\"pageSize\":10}",
    "req_data": "",
    "validator": "{\"eq\":{\"success\":true}}",
    "extractor": "{\n  \"customer_category_id\": \"body.data.categoryInfo[0].categoryId\",\n  \"customer_category_id_1\": \"body.data.categoryInfo[1].categoryId\"\n}",
    "result": "null",
    "creator": null,
    "updater": null,
    "labels": []
  }
},
{
  "model": "api_test.teststep",
  "pk": 9,
  "fields": {
    "create_time": "2021-11-08T09:24:55.222Z",
    "update_time": "2021-11-08T09:28:34.935Z",
    "delete_time": null,
    "is_delete": false,
    "status": true,
    "description": "",
    "sid": 3,
    "name": "新增公海联系人",
    "test_case": 5,
    "apiInfo": 11,
    "depends": null,
    "req_header": "",
    "req_params": "",
    "req_json": "{\n  \"categoryId\": \"$customer_category_id\",\n  \"mobiles\": [],\n  \"pool\": \"$customer_pool_id\",\n  \"remark\": \"公海新增联系人$phone_number\",\n  \"tags\": [],\n  \"province\": null,\n  \"city\": null,\n  \"district\": null,\n  \"custom_fields\": [\n    {\n      \"id\": \"field121\",\n      \"string_value\": \"\"\n    },\n    {\n      \"id\": \"field11\",\n      \"string_value\": \"\"\n    },\n    {\n      \"id\": \"field91\",\n      \"float_value\": null\n    },\n    {\n      \"id\": \"field101\",\n      \"string_value\": \"\"\n    },\n    {\n      \"id\": \"field472\",\n      \"array_value\": []\n    },\n    {\n      \"id\": \"field341\",\n      \"string_value\": \"\"\n    },\n    {\n      \"id\": \"field81\",\n      \"array_value\": []\n    },\n    {\n      \"id\": \"field01\",\n      \"string_value\": \"\"\n    },\n    {\n      \"id\": \"field281\",\n      \"string_value\": \"\"\n    },\n    {\n      \"id\": \"field576\",\n      \"string_value\": \"\"\n    },\n    {\n      \"id\": \"field577\",\n      \"array_value\": []\n    },\n    {\n      \"id\": \"field579\",\n      \"string_value\": \"\"\n    },\n    {\n      \"id\": \"field580\",\n      \"string_value\": \"\"\n    },\n    {\n      \"id\": \"field581\",\n      \"string_value\": \"\"\n    },\n    {\n      \"id\": \"field582\",\n      \"string_value\": \"\"\n    },\n    {\n      \"id\": \"field583\",\n      \"string_value\": \"\"\n    },\n    {\n      \"id\": \"field584\",\n      \"string_value\": \"\"\n    },\n    {\n      \"id\": \"field585\",\n      \"string_value\": \"\"\n    },\n    {\n      \"id\": \"field586\",\n      \"string_value\": \"\"\n    },\n    {\n      \"id\": \"field587\",\n      \"array_value\": []\n    },\n    {\n      \"id\": \"field588\",\n      \"string_value\": \"\"\n    },\n    {\n      \"id\": \"field589\",\n      \"string_value\": \"\"\n    },\n    {\n      \"id\": \"field590\",\n      \"array_value\": []\n    },\n    {\n      \"id\": \"field591\",\n      \"string_value\": \"\"\n    }\n  ],\n  \"diyValue\": {\n    \"field121\": \"\",\n    \"field11\": \"\",\n    \"field101\": \"\",\n    \"field472\": [],\n    \"field341\": \"\",\n    \"field81\": [],\n    \"field01\": \"\",\n    \"field281\": \"\",\n    \"field576\": \"\",\n    \"field577\": [],\n    \"field579\": \"\",\n    \"field580\": \"\",\n    \"field581\": \"\",\n    \"field582\": \"\",\n    \"field583\": \"\",\n    \"field584\": \"\",\n    \"field585\": \"\",\n    \"field586\": \"\",\n    \"field587\": [],\n    \"field588\": \"\",\n    \"field589\": \"\",\n    \"field590\": [],\n    \"field591\": \"\"\n  }\n}",
    "req_data": "",
    "validator": "{\"eq\":{\"success\":true}}",
    "extractor": null,
    "result": "null",
    "creator": null,
    "updater": null,
    "labels": []
  }
},
{
  "model": "api_test.teststep",
  "pk": 10,
  "fields": {
    "create_time": "2021-11-08T09:27:31.795Z",
    "update_time": "2021-11-08T09:29:46.758Z",
    "delete_time": null,
    "is_delete": false,
    "status": true,
    "description": "",
    "sid": 4,
    "name": "获取公海联系人列表",
    "test_case": 5,
    "apiInfo": 12,
    "depends": null,
    "req_header": "",
    "req_params": "",
    "req_json": "{\n  \"page\": 1,\n  \"name\": \"\",\n  \"companyId\": \"\",\n  \"owner\": \"NA\",\n  \"page_size\": 20,\n  \"name_or_phone\": \"\",\n  \"pool_id\": \"$customer_pool_id\",\n  \"corp_ids\": []\n}",
    "req_data": "",
    "validator": "{\"eq\":{\"success\":true}}",
    "extractor": "{\"customer_id\": \"body.data.list[0].id\"}",
    "result": "null",
    "creator": null,
    "updater": null,
    "labels": []
  }
},
{
  "model": "api_test.teststep",
  "pk": 11,
  "fields": {
    "create_time": "2021-11-08T09:27:51.683Z",
    "update_time": "2021-11-08T09:28:34.942Z",
    "delete_time": null,
    "is_delete": false,
    "status": true,
    "description": "",
    "sid": 5,
    "name": "批量领取公海联系人",
    "test_case": 5,
    "apiInfo": 13,
    "depends": null,
    "req_header": "",
    "req_params": "",
    "req_json": "{\n  \"ids\": [\"$customer_id\"],\n  \"pool_id\": \"$customer_pool_id\"\n}",
    "req_data": "",
    "validator": "{\"eq\":{\"success\": true,\"msg\": \"共成功领取1条数据\"}}",
    "extractor": null,
    "result": "null",
    "creator": null,
    "updater": null,
    "labels": []
  }
},
{
  "model": "api_test.teststep",
  "pk": 12,
  "fields": {
    "create_time": "2021-11-09T03:20:31.131Z",
    "update_time": "2021-11-09T06:21:12.443Z",
    "delete_time": null,
    "is_delete": false,
    "status": true,
    "description": "",
    "sid": 1,
    "name": "全局搜索-联系人",
    "test_case": 7,
    "apiInfo": 14,
    "depends": null,
    "req_header": "",
    "req_params": "",
    "req_json": "{\n  \"keywords\": \"$global_search_keywords\",\n  \"page\": 1,\n  \"pageSize\": 3\n}",
    "req_data": "",
    "validator": "{\n  \"eq\": {\n    \"body.success\": true\n  },\n  \"contains_if_exist\": {\n    \"body.data.list[0].name\": \"$global_search_keywords\"\n  }\n}",
    "extractor": null,
    "result": "null",
    "creator": null,
    "updater": null,
    "labels": [
      1
    ]
  }
},
{
  "model": "api_test.teststep",
  "pk": 13,
  "fields": {
    "create_time": "2021-11-09T06:18:45.844Z",
    "update_time": "2021-11-09T08:03:38.035Z",
    "delete_time": null,
    "is_delete": false,
    "status": true,
    "description": "",
    "sid": 2,
    "name": "全局搜索-客户群",
    "test_case": 7,
    "apiInfo": 15,
    "depends": null,
    "req_header": "",
    "req_params": "",
    "req_json": "{\n  \"keywords\": \"$global_search_keywords\",\n  \"page\": 1,\n  \"pageSize\": 3\n}",
    "req_data": "",
    "validator": "{\n  \"eq\": {\n    \"body.success\": false\n  },\n  \"contains_if_exist\": {\n    \"body.data.list[0].name\": \"$global_search_keywords\"\n  }\n}",
    "extractor": null,
    "result": "null",
    "creator": null,
    "updater": null,
    "labels": [
      1
    ]
  }
},
{
  "model": "api_test.teststep",
  "pk": 14,
  "fields": {
    "create_time": "2021-11-09T06:19:12.539Z",
    "update_time": "2021-11-09T06:21:12.507Z",
    "delete_time": null,
    "is_delete": false,
    "status": true,
    "description": "",
    "sid": 3,
    "name": "全局搜索-企业",
    "test_case": 7,
    "apiInfo": 16,
    "depends": null,
    "req_header": "",
    "req_params": "",
    "req_json": "{\n  \"keywords\": \"$global_search_keywords\",\n  \"page\": 1,\n  \"pageSize\": 3\n}",
    "req_data": "",
    "validator": "{\n  \"eq\": {\n    \"body.success\": true\n  },\n  \"contains_if_exist\": {\n    \"body.data.list[0].name\": \"$global_search_keywords\"\n  }\n}",
    "extractor": null,
    "result": "null",
    "creator": null,
    "updater": null,
    "labels": [
      1
    ]
  }
},
{
  "model": "api_test.teststep",
  "pk": 15,
  "fields": {
    "create_time": "2021-11-09T06:19:24.930Z",
    "update_time": "2021-11-09T06:21:12.482Z",
    "delete_time": null,
    "is_delete": false,
    "status": true,
    "description": "",
    "sid": 4,
    "name": "全局搜索-销售机会",
    "test_case": 7,
    "apiInfo": 17,
    "depends": null,
    "req_header": "",
    "req_params": "",
    "req_json": "{\n  \"keywords\": \"$global_search_keywords\",\n  \"page\": 1,\n  \"pageSize\": 3\n}",
    "req_data": "",
    "validator": "{\n  \"eq\": {\n    \"body.success\": true\n  },\n  \"contains_if_exist\": {\n    \"body.data.list[0].name\": \"$global_search_keywords\"\n  }\n}",
    "extractor": null,
    "result": "null",
    "creator": null,
    "updater": null,
    "labels": [
      1
    ]
  }
},
{
  "model": "api_test.teststep",
  "pk": 16,
  "fields": {
    "create_time": "2021-11-09T06:19:42.376Z",
    "update_time": "2021-11-09T06:21:12.485Z",
    "delete_time": null,
    "is_delete": false,
    "status": true,
    "description": "",
    "sid": 5,
    "name": "全局搜索-微信线索",
    "test_case": 7,
    "apiInfo": 18,
    "depends": null,
    "req_header": "",
    "req_params": "",
    "req_json": "{\n  \"keywords\": \"$global_search_keywords\",\n  \"page\": 1,\n  \"pageSize\": 3\n}",
    "req_data": "",
    "validator": "{\n  \"eq\": {\n    \"body.success\": true\n  },\n  \"contains_if_exist\": {\n    \"body.data.list[0].nickName\": \"$global_search_keywords\"\n  }\n}",
    "extractor": null,
    "result": "null",
    "creator": null,
    "updater": null,
    "labels": [
      1,
      5
    ]
  }
},
{
  "model": "api_test.teststep",
  "pk": 17,
  "fields": {
    "create_time": "2021-11-09T06:19:53.772Z",
    "update_time": "2021-11-09T06:21:12.514Z",
    "delete_time": null,
    "is_delete": false,
    "status": true,
    "description": "",
    "sid": 6,
    "name": "全局搜索-联系人公海",
    "test_case": 7,
    "apiInfo": 19,
    "depends": null,
    "req_header": "",
    "req_params": "",
    "req_json": "{\n  \"keywords\": \"$global_search_keywords\",\n  \"page\": 1,\n  \"pageSize\": 3\n}",
    "req_data": "",
    "validator": "{\n  \"eq\": {\n    \"body.success\": true\n  },\n  \"contains_if_exist\": {\n    \"body.data.list[0].remark\": \"$global_search_keywords\"\n  }\n}",
    "extractor": null,
    "result": "null",
    "creator": null,
    "updater": null,
    "labels": [
      1,
      5
    ]
  }
},
{
  "model": "api_test.teststep",
  "pk": 18,
  "fields": {
    "create_time": "2021-11-09T06:20:12.286Z",
    "update_time": "2021-11-09T06:21:12.571Z",
    "delete_time": null,
    "is_delete": false,
    "status": true,
    "description": "",
    "sid": 7,
    "name": "全局搜索-客户回收站",
    "test_case": 7,
    "apiInfo": 20,
    "depends": null,
    "req_header": "",
    "req_params": "",
    "req_json": "{\n  \"keywords\": \"$global_search_keywords\",\n  \"page\": 1,\n  \"pageSize\": 3\n}",
    "req_data": "",
    "validator": "{\n  \"eq\": {\n    \"body.success\": true\n  },\n  \"contains_if_exist\": {\n    \"body.data.list[0].remark\": \"$global_search_keywords\"\n  }\n}",
    "extractor": null,
    "result": "null",
    "creator": null,
    "updater": null,
    "labels": [
      1,
      5
    ]
  }
},
{
  "model": "api_test.teststep",
  "pk": 19,
  "fields": {
    "create_time": "2021-11-09T06:20:25.044Z",
    "update_time": "2021-11-09T06:29:52.635Z",
    "delete_time": null,
    "is_delete": false,
    "status": false,
    "description": "",
    "sid": 8,
    "name": "全局搜索-企微会话",
    "test_case": 7,
    "apiInfo": 21,
    "depends": null,
    "req_header": "",
    "req_params": "",
    "req_json": "{\n  \"keywords\": \"$global_search_keywords\",\n  \"page\": 1,\n  \"pageSize\": 3\n}",
    "req_data": "",
    "validator": "{\n  \"eq\": {\n    \"body.success\": true\n  },\n  \"contains_if_exist\": {\n    \"body.data.list[0].text.content\": \"$global_search_keywords\"\n  }\n}",
    "extractor": null,
    "result": "null",
    "creator": null,
    "updater": null,
    "labels": [
      1,
      5
    ]
  }
},
{
  "model": "api_test.teststep",
  "pk": 20,
  "fields": {
    "create_time": "2021-11-09T06:20:42.727Z",
    "update_time": "2021-11-09T06:21:12.565Z",
    "delete_time": null,
    "is_delete": false,
    "status": true,
    "description": "",
    "sid": 9,
    "name": "全局搜索-企微群会话",
    "test_case": 7,
    "apiInfo": 22,
    "depends": null,
    "req_header": "",
    "req_params": "",
    "req_json": "{\n  \"keywords\": \"$global_search_keywords\",\n  \"page\": 1,\n  \"pageSize\": 3\n}",
    "req_data": "",
    "validator": "{\n  \"eq\": {\n    \"body.success\": true\n  },\n  \"contains_if_exist\": {\n    \"body.data.list[0].text.content\": \"$global_search_keywords\"\n  }\n}",
    "extractor": null,
    "result": "null",
    "creator": null,
    "updater": null,
    "labels": [
      1,
      5
    ]
  }
},
{
  "model": "api_test.teststep",
  "pk": 21,
  "fields": {
    "create_time": "2021-11-09T06:20:55.894Z",
    "update_time": "2021-11-09T06:21:12.614Z",
    "delete_time": null,
    "is_delete": false,
    "status": true,
    "description": "",
    "sid": 10,
    "name": "全局搜索-添加最近搜索",
    "test_case": 7,
    "apiInfo": 23,
    "depends": null,
    "req_header": "",
    "req_params": "",
    "req_json": "{\n  \"keywords\": \"$global_search_keywords\",\n  \"search_type\": \"global_search\"\n}",
    "req_data": "",
    "validator": "{\n  \"eq\": {\n    \"body.success\": true\n  }\n}",
    "extractor": null,
    "result": "null",
    "creator": null,
    "updater": null,
    "labels": [
      1,
      5
    ]
  }
},
{
  "model": "api_test.teststep",
  "pk": 22,
  "fields": {
    "create_time": "2021-11-09T06:21:04.953Z",
    "update_time": "2021-11-09T06:23:59.880Z",
    "delete_time": null,
    "is_delete": false,
    "status": true,
    "description": "",
    "sid": 11,
    "name": "全局搜索-最近搜索",
    "test_case": 7,
    "apiInfo": 24,
    "depends": null,
    "req_header": "",
    "req_params": "",
    "req_json": "{\n  \"search_type\": \"global_search\"\n}",
    "req_data": "",
    "validator": "{\n  \"eq\": {\n    \"body.success\": true\n  },\n  \"contains\": {\n    \"body.data.list\": \"$global_search_keywords\"\n  }\n}",
    "extractor": null,
    "result": "null",
    "creator": null,
    "updater": null,
    "labels": []
  }
}
]
